{"cameraMode":{"drawMode":0,"name":"Shaded","section":"Shading Mode"},"sceneLighting":true,"audioPlay":false,"sceneViewState":{"m_AlwaysRefresh":false,"showFog":true,"showSkybox":true,"showFlares":true,"showImageEffects":true,"showParticleSystems":true,"showVisualEffectGraphs":true,"m_FxEnabled":true},"in2DMode":false,"pivot":{"x":-0.546890139579773,"y":4.712972640991211,"z":1.7421196699142457},"rotation":{"x":-0.39100462198257449,"y":0.048537589609622958,"z":-0.02068159729242325,"w":-0.9188935160636902},"size":5.777565956115723,"orthographic":true}