{"cameraMode":{"drawMode":0,"name":"Shaded","section":"Shading Mode"},"sceneLighting":true,"audioPlay":false,"sceneViewState":{"m_AlwaysRefresh":false,"showFog":true,"showSkybox":true,"showFlares":true,"showImageEffects":true,"showParticleSystems":true,"showVisualEffectGraphs":true,"m_FxEnabled":true},"in2DMode":false,"pivot":{"x":0.36557674407958987,"y":0.3747956454753876,"z":2.3612265586853029},"rotation":{"x":0.3222675621509552,"y":0.3195849657058716,"z":-0.11664821952581406,"w":0.8834443092346191},"size":0.47957080602645876,"orthographic":true}