{"cameraMode":{"drawMode":0,"name":"Shaded","section":"Shading Mode"},"sceneLighting":true,"audioPlay":false,"sceneViewState":{"m_AlwaysRefresh":false,"showFog":true,"showSkybox":true,"showFlares":true,"showImageEffects":true,"showParticleSystems":true,"showVisualEffectGraphs":true,"m_FxEnabled":true},"in2DMode":false,"pivot":{"x":5.744940757751465,"y":1.8417409658432007,"z":1.0925642251968384},"rotation":{"x":-0.29718655347824099,"y":0.24168749153614045,"z":-0.07804334908723831,"w":-0.9204421043395996},"size":0.7020400762557983,"orthographic":true}